drqv2_aug_pixels-True-sharp-1,drqv2_aug_pixels-True-sharp-6,drqv2_aug_pixels-True-sharp-8,drqv2_aug_pixels-True-sharp-12,drqv2_aug_pixels-True-sharp-15,drqv2_aug_pixels-True-sharp-23,drqv2_aug_pixels-True-sharp-24,drqv2_aug_pixels-True-sharp-9,drqv2_aug_pixels-True-sharp-7,drqv2_aug_pixels-True-sharp-25,drqv2_aug_pixels-True-sharp-22,drqv2_aug_pixels-True-sharp-14,drqv2_aug_pixels-True-sharp-13,drqv2_aug_pixels-True-sharp-31,drqv2_aug_pixels-True-sharp-30,drqv2_aug_pixels-True-sharp-16,drqv2_aug_pixels-True-sharp-29,drqv2_aug_pixels-True-sharp-11,drqv2_aug_pixels-True-sharp-27,drqv2_aug_pixels-True-sharp-18,drqv2_aug_pixels-True-sharp-5,drqv2_aug_pixels-True-sharp-2,drqv2_aug_pixels-True-sharp-21,drqv2_aug_pixels-True-sharp-26,drqv2_aug_pixels-True-sharp-19,drqv2_aug_pixels-True-sharp-10,drqv2_aug_pixels-True-sharp-17,drqv2_aug_pixels-True-sharp-28,drqv2_aug_pixels-True-sharp-3,drqv2_aug_pixels-True-sharp-4,drqv2_aug_pixels-True-sharp-32
0.0,0.0,0.0,0.0,0.0,0.0,0.0,0.0,0.0,0.0,0.0,0.0,0.0,0.0,0.0,0.0,0.0,0.0,0.0,0.0,0.0,0.0,0.0,0.0,0.0,0.0,0.0,0.0,0.0,0.0,0.0
19.4,19.9,19.2,5.1,5.1,9.2,5.0,5.0,9.7,5.2,5.6,19.6,19.3,8.1,5.3,6.6,5.1,4.5,4.5,3.6,27.3,5.5,7.9,4.5,3.6,5.1,5.2,4.8,19.1,4.7,3.4
18.6,18.6,18.6,18.6,12.2,18.6,18.6,18.6,18.6,18.6,18.6,18.6,18.8,18.6,18.6,18.6,18.6,18.6,1.8,18.6,18.6,18.6,18.6,18.6,18.6,18.6,18.6,2.2,18.6,18.6,18.6
24.0,24.0,24.0,24.0,32.9,24.0,24.0,24.0,24.0,24.0,24.0,24.0,24.0,24.0,24.0,24.0,24.0,24.0,3.0,24.0,24.0,24.0,24.0,24.0,24.0,24.0,24.0,24.1,24.0,24.0,24.0
24.5,24.5,24.5,24.5,18.0,24.5,24.5,24.5,24.5,24.5,24.5,24.5,24.5,24.5,24.5,24.5,24.5,24.5,2.0,24.5,24.5,24.5,24.5,24.5,24.5,24.5,24.5,24.5,24.5,24.5,24.5
11.2,11.2,11.2,11.2,5.3,11.2,11.2,11.2,11.2,11.2,11.2,11.2,11.2,11.2,11.2,11.2,11.2,11.2,0.0,11.2,11.2,11.2,11.2,11.2,11.2,11.2,11.2,11.2,11.2,11.2,11.2
18.4,18.4,18.4,18.4,11.1,18.4,18.4,18.4,18.4,18.4,18.4,18.4,18.4,18.4,18.4,18.4,18.4,18.4,0.0,18.4,18.4,18.4,18.4,18.4,18.4,18.4,18.4,18.4,18.4,18.4,18.4
18.5,18.5,18.5,18.5,6.2,18.5,18.5,18.5,18.5,18.5,18.5,18.5,18.5,18.5,18.5,18.5,18.5,18.5,2.1,18.5,18.5,18.5,18.5,18.5,18.5,18.5,18.5,18.5,18.5,18.5,18.5
23.5,23.5,23.5,23.5,24.9,23.5,23.5,23.5,23.5,23.5,23.5,23.5,23.5,23.5,23.5,23.5,23.5,23.5,2.7,23.5,23.5,23.5,23.5,23.5,23.5,23.5,23.5,23.5,23.5,23.5,23.5
5.5,5.5,5.5,5.5,18.7,5.5,5.5,5.5,5.5,5.5,5.5,5.5,5.5,5.5,5.5,5.5,5.5,5.5,5.5,5.5,5.5,5.5,5.5,5.5,5.5,5.5,5.5,5.5,5.5,5.5,5.5
6.1,6.1,6.1,6.1,10.5,6.1,6.1,6.1,6.1,6.1,6.1,6.1,6.1,6.1,6.1,6.1,6.1,6.1,6.1,6.1,6.1,6.1,6.1,6.1,6.1,6.1,6.1,6.1,6.1,6.1,6.1
11.7,11.7,11.7,11.7,29.6,11.7,11.7,11.7,11.7,11.7,11.7,11.7,11.7,11.7,11.7,11.7,11.7,11.7,11.7,11.7,11.7,11.7,11.7,11.7,11.7,11.7,11.7,11.7,11.7,11.7,11.7
0.0,0.0,0.0,0.0,11.2,0.0,0.0,0.0,0.0,0.0,0.0,0.0,0.0,0.0,0.0,0.0,0.0,0.0,0.0,0.0,0.0,0.0,0.0,0.0,0.0,0.0,0.0,0.0,0.0,0.0,0.0
5.5,5.5,5.5,5.5,12.9,5.5,5.5,5.5,5.5,5.5,5.5,5.5,5.5,5.5,5.5,5.5,5.5,5.5,5.5,5.5,5.5,5.5,5.5,5.5,5.5,5.5,5.5,5.5,5.5,5.5,5.5
0.0,0.0,0.0,0.0,11.7,0.0,0.0,0.0,0.0,0.0,0.0,0.0,0.0,0.0,0.0,0.0,0.0,0.0,0.0,0.0,0.0,0.0,0.0,0.0,0.0,0.0,0.0,0.0,0.0,0.0,0.0
11.7,11.7,11.7,11.7,6.0,11.7,11.7,11.7,11.7,11.7,11.7,11.7,11.7,11.7,11.7,11.7,11.7,11.7,11.7,11.7,11.7,11.7,11.7,11.7,11.7,11.7,11.7,11.7,11.7,11.7,11.7
22.0,22.0,22.0,22.0,11.0,22.0,22.0,22.0,22.0,22.0,22.0,22.0,22.0,22.0,22.0,22.0,22.0,22.0,22.0,22.0,22.0,22.0,22.0,22.0,22.0,22.0,22.0,22.0,22.0,22.0,22.0
26.5,26.5,26.5,26.5,18.0,26.5,26.5,26.5,26.5,26.5,26.5,26.5,26.5,26.5,26.5,26.5,26.5,26.5,26.5,26.5,26.5,26.5,26.5,26.5,26.5,26.5,26.5,26.5,26.5,26.5,26.5
16.7,16.7,16.7,16.7,7.6,16.7,16.7,16.7,16.7,16.7,16.7,16.7,16.7,16.7,16.7,16.7,16.7,16.7,16.7,16.7,16.7,16.7,16.7,16.7,16.7,16.7,16.7,16.7,16.7,16.7,16.7
5.2,5.2,5.2,5.2,12.9,5.2,5.2,5.2,5.2,5.2,5.2,5.2,5.2,5.2,5.2,5.2,5.2,5.2,5.2,5.2,5.2,5.2,5.2,5.2,5.2,5.2,5.2,5.2,5.2,5.2,5.2
19.5,19.5,19.5,19.5,18.3,19.5,19.5,19.5,19.5,19.5,19.5,19.5,19.5,19.5,19.5,19.5,19.5,19.5,19.5,19.5,19.5,19.5,19.5,19.5,19.5,19.5,19.5,19.5,19.5,19.5,19.5
12.0,12.0,12.0,12.0,5.8,12.0,12.0,12.0,12.0,12.0,12.0,12.0,12.0,12.0,12.0,12.0,12.0,12.0,12.0,12.0,12.0,12.0,12.0,12.0,12.0,12.0,12.0,12.0,12.0,12.0,12.0
5.6,5.6,5.6,5.6,0.0,5.6,5.6,5.6,5.6,5.6,5.6,5.6,5.6,5.6,5.6,5.6,5.6,5.6,5.6,5.6,5.6,5.6,5.6,5.6,5.6,5.6,5.6,5.6,5.6,5.6,5.6
11.0,11.0,11.0,11.0,12.0,11.0,11.0,11.0,11.0,11.0,11.0,11.0,11.0,11.0,11.0,11.0,11.0,11.0,11.0,11.0,11.0,11.0,11.0,11.0,11.0,11.0,11.0,11.0,11.0,11.0,11.0
10.9,10.9,10.9,10.9,7.6,10.9,10.9,10.9,10.9,10.9,10.9,10.9,10.9,10.9,10.9,10.9,10.9,10.9,10.9,10.9,10.9,10.9,10.9,10.9,10.9,10.9,10.9,10.9,10.9,10.9,10.9
11.5,11.5,11.5,11.5,5.6,11.5,11.5,11.5,11.5,11.5,11.5,11.5,11.5,11.5,11.5,11.5,11.5,11.5,11.5,11.5,11.5,11.5,11.5,11.5,11.5,11.5,11.5,11.5,11.5,11.5,11.5
5.6,5.6,5.6,5.6,19.5,5.6,5.6,5.6,5.6,5.6,5.6,5.6,5.6,5.6,5.6,5.6,5.6,5.6,5.6,5.6,5.6,5.6,5.6,5.6,5.6,5.6,5.6,5.6,5.6,5.6,5.6
7.3,7.3,7.3,7.3,16.7,7.3,7.3,7.3,7.3,7.3,7.3,7.3,7.3,7.3,7.3,7.3,7.3,7.3,7.3,7.3,7.3,7.3,7.3,7.3,7.3,7.3,7.3,7.3,7.3,7.3,7.3
6.1,6.1,6.1,6.1,11.8,6.1,6.1,6.1,6.1,6.1,6.1,6.1,6.1,6.1,6.1,6.1,6.1,6.1,6.1,6.1,6.1,6.1,6.1,6.1,6.1,6.1,6.1,6.1,6.1,6.1,6.1
30.0,30.0,30.0,30.0,12.9,30.0,30.0,30.0,30.0,30.0,30.0,30.0,30.0,30.0,30.0,30.0,30.0,30.0,30.0,30.0,30.0,30.0,30.0,30.0,30.0,30.0,30.0,30.0,30.0,30.0,30.0
11.2,11.2,11.2,11.2,0.0,11.2,11.2,11.2,11.2,11.2,11.2,11.2,11.2,11.2,11.2,11.2,11.2,11.2,11.2,11.2,11.2,11.2,11.2,11.2,11.2,11.2,11.2,11.2,11.2,11.2,11.2
18.9,18.9,18.9,18.9,12.4,18.9,18.9,18.9,18.9,18.9,18.9,18.9,18.9,18.9,18.9,18.9,18.9,18.9,18.9,18.9,18.9,18.9,18.9,18.9,18.9,18.9,18.9,18.9,18.9,18.9,18.9
12.2,12.2,12.2,12.2,5.1,12.2,12.2,12.2,12.2,12.2,12.2,12.2,12.2,12.2,12.2,12.2,12.2,12.2,12.2,12.2,12.2,12.2,12.2,12.2,12.2,12.2,12.2,12.2,12.2,12.2,12.2
17.6,17.6,17.6,17.6,6.5,17.6,17.6,17.6,17.6,17.6,17.6,17.6,17.6,17.6,17.6,17.6,17.6,17.6,17.6,17.6,17.6,17.6,17.6,17.6,17.6,17.6,17.6,17.6,17.6,17.6,17.6
5.6,5.6,5.6,5.6,11.2,5.6,5.6,5.6,5.6,5.6,5.6,5.6,5.6,5.6,5.6,5.6,5.6,5.6,5.6,5.6,5.6,5.6,5.6,5.6,5.6,5.6,5.6,5.6,5.6,5.6,5.6
13.7,13.7,13.7,13.7,12.7,13.7,13.7,13.7,13.7,13.7,13.7,13.7,13.7,13.7,13.7,13.7,13.7,13.7,13.7,13.7,13.7,13.7,13.7,13.7,13.7,13.7,13.7,13.7,13.7,13.7,13.7
12.5,12.5,12.5,12.5,12.6,12.5,12.5,12.5,12.5,12.5,12.5,12.5,12.5,12.5,12.5,12.5,12.5,12.5,12.5,12.5,12.5,12.5,12.5,12.5,12.5,12.5,12.5,12.5,12.5,12.5,12.5
5.4,5.4,5.4,5.4,0.0,5.4,5.4,5.4,5.4,5.4,5.4,5.4,5.4,5.4,5.4,5.4,5.4,5.4,5.4,5.4,5.4,5.4,5.4,5.4,5.4,5.4,5.4,5.4,5.4,5.4,5.4
0.0,0.0,0.0,0.0,0.0,0.0,0.0,0.0,0.0,0.0,0.0,0.0,0.0,0.0,0.0,0.0,0.0,0.0,0.0,0.0,0.0,0.0,0.0,0.0,0.0,0.0,0.0,0.0,0.0,0.0,0.0
6.3,6.3,6.3,6.3,12.1,6.3,6.3,6.3,6.3,6.3,6.3,6.3,6.3,6.3,6.3,6.3,6.3,6.3,6.3,6.3,6.3,6.3,6.3,6.3,6.3,6.3,6.3,6.3,6.3,6.3,6.3
13.6,13.6,13.6,13.6,29.5,13.6,13.6,13.6,13.6,13.6,13.6,13.6,13.6,13.6,13.6,13.6,13.6,13.6,13.6,13.6,13.6,13.6,13.6,13.6,13.6,13.6,13.6,13.5,13.6,13.6,13.6
16.3,16.3,16.3,16.3,5.8,16.3,16.3,16.3,16.3,16.3,16.3,16.3,16.3,16.3,16.3,16.3,16.3,16.3,16.3,16.3,16.3,16.3,16.3,16.3,16.3,16.3,16.3,16.4,16.3,16.3,16.3
6.0,6.0,6.0,6.0,18.7,6.0,6.0,6.0,6.0,6.0,6.0,6.0,6.0,6.0,6.0,6.0,6.0,6.0,6.0,6.0,6.0,6.0,6.0,6.0,6.0,6.0,6.0,6.4,6.0,6.0,6.0
7.1,7.1,7.1,7.1,27.1,7.1,7.1,7.1,7.1,7.1,7.1,7.1,7.1,7.1,7.1,7.1,7.1,7.1,7.1,7.1,7.1,7.1,7.1,7.1,7.1,7.1,7.1,7.3,7.1,7.1,7.1
17.9,17.9,17.9,17.9,30.9,17.9,17.9,17.9,17.9,17.9,17.9,17.9,17.9,17.9,17.9,17.9,17.9,17.9,17.9,17.9,17.9,17.9,17.9,17.9,17.9,17.9,17.9,3.6,17.9,17.9,17.9
22.4,22.4,22.4,22.4,5.9,22.4,22.4,22.4,22.4,22.4,22.4,22.4,22.4,22.4,22.4,22.4,22.4,22.4,22.4,22.4,22.4,22.4,22.4,22.4,22.4,22.4,22.4,0.0,22.4,22.4,22.4
5.4,5.4,5.4,5.4,6.1,5.4,5.4,5.4,5.4,5.4,5.4,5.4,5.4,5.4,5.4,5.4,5.4,5.4,5.4,5.4,5.4,5.4,5.4,5.4,5.4,5.4,5.4,6.0,5.4,5.4,5.4
13.4,13.4,13.4,13.4,21.9,13.4,13.4,13.4,13.4,13.4,13.4,13.4,13.4,13.4,13.4,13.4,13.4,13.4,13.4,13.4,13.4,13.4,13.4,13.4,13.4,13.4,13.4,13.9,13.4,13.4,13.4
5.5,5.5,5.5,5.5,33.6,5.5,5.5,5.5,5.5,5.5,5.5,5.5,5.5,5.5,5.5,5.5,5.5,5.5,5.5,5.5,5.5,5.5,5.5,5.5,5.5,5.5,5.5,6.8,5.5,5.5,5.5
16.8,16.8,16.8,16.8,5.6,16.8,16.8,16.8,16.8,16.8,16.8,16.8,16.8,16.8,16.8,16.8,16.8,16.8,16.8,16.8,16.8,16.8,16.8,16.8,16.8,16.8,16.8,17.1,16.8,16.8,16.8
5.5,5.5,5.5,5.5,0.0,5.5,5.5,5.5,5.5,5.5,5.5,5.5,5.5,5.5,5.5,5.5,5.5,5.5,5.5,5.5,5.5,5.5,5.5,5.5,5.5,5.5,5.5,5.8,5.5,5.5,5.5
10.5,10.5,10.5,10.5,0.0,10.5,10.5,10.5,10.5,10.5,10.5,10.5,10.5,10.5,10.5,10.5,10.5,10.5,10.5,10.5,10.5,10.5,10.5,10.5,10.5,10.5,10.5,11.3,10.5,10.5,10.5
5.5,5.5,5.5,5.5,6.1,5.5,5.5,5.5,5.5,5.5,5.5,5.5,5.5,5.5,5.5,5.5,5.5,5.5,5.5,5.5,5.5,5.5,5.5,5.5,5.5,5.5,5.5,0.0,5.5,5.5,5.5
18.0,18.0,18.0,18.0,13.8,18.0,18.0,18.0,18.0,18.0,18.0,18.0,18.0,18.0,18.0,18.0,18.0,18.0,18.0,18.0,18.0,18.0,18.0,18.0,18.0,18.0,18.0,100.0,18.0,18.0,18.0
22.9,22.9,22.9,22.9,6.6,22.9,22.9,22.9,22.9,22.9,22.9,22.9,22.9,22.9,22.9,22.9,22.9,22.9,22.9,22.9,22.9,22.9,22.9,22.9,22.9,22.9,22.9,8.1,22.9,22.9,22.9
11.2,11.2,11.2,11.2,12.7,11.2,11.2,11.2,11.2,11.2,11.2,11.2,11.2,11.2,11.2,11.2,11.2,11.2,11.2,11.2,11.2,11.2,11.2,11.2,11.2,11.2,11.2,0.0,11.2,11.2,11.2
11.2,11.2,11.2,11.2,5.4,11.2,11.2,11.2,11.2,11.2,11.2,11.2,11.2,11.2,11.2,11.2,11.2,11.2,11.2,11.2,11.2,11.2,11.2,11.2,11.2,11.2,11.2,0.0,11.2,11.2,11.2
5.5,5.5,5.5,5.5,5.8,5.5,5.5,5.5,5.5,5.5,5.5,5.5,5.5,5.5,5.5,5.5,5.5,5.5,5.5,5.5,5.5,5.5,5.5,5.5,5.5,5.5,5.5,0.0,5.5,5.5,5.5
11.0,11.0,11.0,11.0,5.5,11.0,11.0,11.0,11.0,11.0,11.0,11.0,11.0,11.0,11.0,11.0,11.0,11.0,11.0,11.0,11.0,11.0,11.0,11.0,11.0,11.0,11.0,5.9,11.0,11.0,11.0
12.3,12.3,12.3,12.3,10.8,12.3,12.3,12.3,12.3,12.3,12.3,12.3,12.3,12.3,12.3,12.3,12.3,12.3,12.3,12.3,12.3,12.3,12.3,12.3,12.3,12.3,12.3,15.3,12.3,12.3,12.3
11.1,11.1,11.1,11.1,5.9,11.1,11.1,11.1,11.1,11.1,11.1,11.1,11.1,11.1,11.1,11.1,11.1,11.1,11.1,11.1,11.1,11.1,11.1,11.1,11.1,11.1,11.1,0.0,11.1,11.1,11.1
5.6,5.6,5.6,5.6,11.1,5.6,5.6,5.6,5.6,5.6,5.6,5.6,5.6,5.6,5.6,5.6,5.6,5.6,5.6,5.6,5.6,5.6,5.6,5.6,5.6,5.6,5.6,14.9,5.6,5.6,5.6
17.7,17.7,17.7,17.7,11.3,17.7,17.7,17.7,17.7,17.7,17.7,17.7,17.7,17.7,17.7,17.7,17.7,17.7,17.7,17.7,17.7,17.7,17.7,17.7,17.7,17.7,17.7,6.7,17.7,17.7,17.7
10.7,10.7,10.7,10.7,19.1,10.7,10.7,10.7,10.7,10.7,10.7,10.7,10.7,10.7,10.7,10.7,10.7,10.7,10.7,10.7,10.7,10.7,10.7,10.7,10.7,10.7,10.7,7.9,10.7,10.7,10.7
11.7,11.7,11.7,11.7,6.0,11.7,11.7,11.7,11.7,11.7,11.7,11.7,11.7,11.7,11.7,11.7,11.7,11.7,11.7,11.7,11.7,11.7,11.7,11.7,11.7,11.7,11.7,5.7,11.7,11.7,11.7
15.7,15.7,15.7,15.7,12.9,15.7,15.7,15.7,15.7,15.7,15.7,15.7,15.7,15.7,15.7,15.7,15.7,15.7,15.7,15.7,15.7,15.7,15.7,15.7,15.7,15.7,15.7,13.3,15.7,15.7,15.7
30.0,30.0,30.0,30.0,26.0,30.0,30.0,30.0,30.0,30.0,30.0,30.0,30.0,30.0,30.0,30.0,30.0,30.0,30.0,30.0,30.0,30.0,30.0,30.0,30.0,30.0,30.0,0.7,30.0,30.0,30.0
12.8,12.8,12.8,12.8,20.1,12.8,12.8,12.8,12.8,12.8,12.8,12.8,12.8,12.8,12.8,12.8,12.8,12.8,12.8,12.8,12.8,12.8,12.8,12.8,12.8,12.8,12.8,17.2,12.8,12.8,12.8
24.8,24.8,24.8,24.8,11.2,24.8,24.8,24.8,24.8,24.8,24.8,24.8,24.8,24.8,24.8,24.8,24.8,24.8,24.8,24.8,24.8,24.8,24.8,24.8,24.8,24.8,24.8,0.0,24.8,24.8,24.8
5.6,5.6,5.6,5.6,5.6,5.6,5.6,5.6,5.6,5.6,5.6,5.6,5.6,5.6,5.6,5.6,5.6,5.6,5.6,5.6,5.6,5.6,5.6,5.6,5.6,5.6,5.6,0.0,5.6,5.6,5.6
11.9,11.9,11.9,11.9,14.6,11.9,11.9,11.9,11.9,11.9,11.9,11.9,11.9,11.9,11.9,11.9,11.9,11.9,11.9,11.9,11.9,11.9,11.9,11.9,11.9,11.9,11.9,31.7,11.9,11.9,11.9
0.0,0.0,0.0,0.0,5.7,0.0,0.0,0.0,0.0,0.0,0.0,0.0,0.0,0.0,0.0,0.0,0.0,0.0,0.0,0.0,0.0,0.0,0.0,0.0,0.0,0.0,0.0,0.0,0.0,0.0,0.0
12.7,12.7,12.7,12.7,25.1,12.7,12.7,12.7,12.7,12.7,12.7,12.7,12.7,12.7,12.7,12.7,12.7,12.7,12.7,12.7,12.7,12.7,12.7,12.7,12.7,12.7,12.7,2.4,12.7,12.7,12.7
5.4,5.4,5.4,5.4,5.6,5.4,5.4,5.4,5.4,5.4,5.4,5.4,5.4,5.4,5.4,5.4,5.4,5.4,5.4,5.4,5.4,5.4,5.4,5.4,5.4,5.4,5.4,0.0,5.4,5.4,5.4
21.7,21.7,21.7,21.7,14.3,21.7,21.7,21.7,21.7,21.7,21.7,21.7,21.7,21.7,21.7,21.7,21.7,21.7,21.7,21.7,21.7,21.7,21.7,21.7,21.7,21.7,21.7,0.0,21.7,21.7,21.7
29.5,29.5,29.5,29.5,13.2,29.5,29.5,29.5,29.5,29.5,29.5,29.5,29.5,29.5,29.5,29.5,29.5,29.5,29.5,29.5,29.5,29.5,29.5,29.5,29.5,29.5,29.5,2.7,29.5,29.5,29.5
5.7,5.7,5.7,5.7,7.8,5.7,5.7,5.7,5.7,5.7,5.7,5.7,5.7,5.7,5.7,5.7,5.7,5.7,5.7,5.7,5.7,5.7,5.7,5.7,5.7,5.7,5.7,0.0,5.7,5.7,5.7
16.8,16.8,16.8,16.8,10.6,16.8,16.8,16.8,16.8,16.8,16.8,16.8,16.8,16.8,16.8,16.8,16.8,16.8,16.8,16.8,16.8,16.8,16.8,16.8,16.8,16.8,16.8,13.7,16.8,16.8,16.8
11.1,11.1,11.1,11.1,11.6,11.1,11.1,11.1,11.1,11.1,11.1,11.1,11.1,11.1,11.1,11.1,11.1,11.1,11.1,11.1,11.1,11.1,11.1,11.1,11.1,11.1,11.1,0.0,11.1,11.1,11.1
24.4,24.4,24.4,24.4,11.6,24.4,24.4,24.4,24.4,24.4,24.4,24.4,24.4,24.4,24.4,24.4,24.4,24.4,24.4,24.4,24.4,24.4,24.4,24.4,24.4,24.4,24.4,20.9,24.4,24.4,24.4
11.1,11.1,11.1,11.1,11.4,11.1,11.1,11.1,11.1,11.1,11.1,11.1,11.1,11.1,11.1,11.1,11.1,11.1,11.1,11.1,11.1,11.1,11.1,11.1,11.1,11.1,11.1,18.2,11.1,11.1,11.1
11.3,11.3,11.3,11.3,0.0,11.3,11.3,11.3,11.3,11.3,11.3,11.3,11.3,11.3,11.3,11.3,11.3,11.3,11.3,11.3,11.3,11.3,11.3,11.3,11.3,11.3,11.3,16.5,11.3,11.3,11.3
10.8,10.8,10.8,10.8,11.6,10.8,10.8,10.8,10.8,10.8,10.8,10.8,10.8,10.8,10.8,10.8,10.8,10.8,10.8,10.8,10.8,10.8,10.8,10.8,10.8,10.8,10.8,22.1,10.8,10.8,10.8
5.7,5.7,5.7,5.7,5.7,5.7,5.7,5.7,5.7,5.7,5.7,5.7,5.7,5.7,5.7,5.7,5.7,5.7,5.7,5.7,5.7,5.7,5.7,5.7,5.7,5.7,5.7,0.0,5.7,5.7,5.7
17.4,17.4,17.4,17.4,10.7,17.4,17.4,17.4,17.4,17.4,17.4,17.4,17.4,17.4,17.4,17.4,17.4,17.4,17.4,17.4,17.4,17.4,17.4,17.4,17.4,17.4,17.4,17.5,17.4,17.4,17.4
18.1,18.1,18.1,18.1,23.9,18.1,18.1,18.1,18.1,18.1,18.1,18.1,18.1,18.1,18.1,18.1,18.1,18.1,18.1,18.1,18.1,18.1,18.1,18.1,18.1,18.1,18.1,12.6,18.1,18.1,18.1
11.4,11.4,11.4,11.4,5.3,11.4,11.4,11.4,11.4,11.4,11.4,11.4,11.4,11.4,11.4,11.4,11.4,11.4,11.4,11.4,11.4,11.4,11.4,11.4,11.4,11.4,11.4,12.6,11.4,11.4,11.4
17.5,17.5,17.5,17.5,18.6,17.5,17.5,17.5,17.5,17.5,17.5,17.5,17.5,17.5,17.5,17.5,17.5,17.5,17.5,17.5,17.5,17.5,17.5,17.5,17.5,17.5,17.5,0.0,17.5,17.5,17.5
11.5,11.5,11.5,11.5,6.0,11.5,11.5,11.5,11.5,11.5,11.5,11.5,11.5,11.5,11.5,11.5,11.5,11.5,11.5,11.5,11.5,11.5,11.5,11.5,11.5,11.5,11.5,0.0,11.5,11.5,11.5
0.0,0.0,0.0,0.0,11.3,0.0,0.0,0.0,0.0,0.0,0.0,0.0,0.0,0.0,0.0,0.0,0.0,0.0,0.0,0.0,0.0,0.0,0.0,0.0,0.0,0.0,0.0,0.0,0.0,0.0,0.0
17.7,17.7,17.7,17.7,5.4,17.7,17.7,17.7,17.7,17.7,17.7,17.7,17.7,17.7,17.7,17.7,17.7,17.7,17.7,17.7,17.7,17.7,17.7,17.7,17.7,17.7,17.7,0.0,17.7,17.7,17.7
0.0,0.0,0.0,0.0,6.1,0.0,0.0,0.0,0.0,0.0,0.0,0.0,0.0,0.0,0.0,0.0,0.0,0.0,0.0,0.0,0.0,0.0,0.0,0.0,0.0,0.0,0.0,0.0,0.0,0.0,0.0
25.9,25.9,25.9,25.9,25.7,25.9,25.9,25.9,25.9,25.9,25.9,25.9,25.9,25.9,25.9,25.9,25.9,25.9,25.9,25.9,25.9,25.9,25.9,25.9,25.9,25.9,25.9,1.1,25.9,25.9,25.9
19.4,19.4,19.4,19.4,18.9,19.4,19.4,19.4,19.4,19.4,19.4,19.4,19.4,19.4,19.4,19.4,19.4,19.4,19.4,19.4,19.4,19.4,19.4,19.4,19.4,19.4,19.4,102.5,19.4,19.4,19.4
24.5,24.5,24.5,24.5,5.9,24.5,24.5,24.5,24.5,24.5,24.5,24.5,24.5,24.5,24.5,24.5,24.5,24.5,24.5,24.5,24.5,24.5,24.5,24.5,24.5,24.5,24.5,100.0,24.5,24.5,24.5
5.4,5.4,5.4,5.4,16.0,5.4,5.4,5.4,5.4,5.4,5.4,5.4,5.4,5.4,5.4,5.4,5.4,5.4,5.4,5.4,5.4,5.4,5.4,5.4,5.4,5.4,5.4,0.0,5.4,5.4,5.4
11.0,11.0,11.0,11.0,11.1,11.0,11.0,11.0,11.0,11.0,11.0,11.0,11.0,11.0,11.0,11.0,11.0,11.0,11.0,11.0,11.0,11.0,11.0,11.0,11.0,11.0,11.0,0.0,11.0,11.0,11.0
13.8,13.8,13.8,13.8,17.9,13.8,13.8,13.8,13.8,13.8,13.8,13.8,13.8,13.8,13.8,13.8,13.8,13.8,13.8,13.8,13.8,13.8,13.8,13.8,13.8,13.8,13.8,73.6,13.8,13.8,13.8
17.5,17.5,17.5,17.5,12.9,17.5,17.5,17.5,17.5,17.5,17.5,17.5,17.5,17.5,17.5,17.5,17.5,17.5,17.5,17.5,17.5,17.5,17.5,17.5,17.5,17.5,17.5,0.9,17.5,17.5,17.5
5.8,5.8,5.8,5.8,11.4,5.8,5.8,5.8,5.8,5.8,5.8,5.8,5.8,5.8,5.8,5.8,5.8,5.8,5.8,5.8,5.8,5.8,5.8,5.8,5.8,5.8,5.8,0.0,5.8,5.8,5.8
5.8,5.8,5.8,5.8,22.5,5.8,5.8,5.8,5.8,5.8,5.8,5.8,5.8,5.8,5.8,5.8,5.8,5.8,5.8,5.8,5.8,5.8,5.8,5.8,5.8,5.8,5.8,0.0,5.8,5.8,5.8
11.2,11.2,11.2,11.2,5.6,11.2,11.2,11.2,11.2,11.2,11.2,11.2,11.2,11.2,11.2,11.2,11.2,11.2,11.2,11.2,11.2,11.2,11.2,11.2,11.2,11.2,11.2,0.0,11.2,11.2,11.2
19.8,19.8,19.8,19.8,35.0,19.8,19.8,19.8,19.8,19.8,19.8,19.8,19.8,19.8,19.8,19.8,19.8,19.8,19.8,19.8,19.8,19.8,19.8,19.8,19.8,19.8,19.8,1.8,19.8,19.8,19.8
0.0,0.0,0.0,0.0,0.0,0.0,0.0,0.0,0.0,0.0,0.0,0.0,0.0,0.0,0.0,0.0,0.0,0.0,0.0,0.0,0.0,0.0,0.0,0.0,0.0,0.0,0.0,0.0,0.0,0.0,0.0
5.6,5.6,5.6,5.6,0.0,5.6,5.6,5.6,5.6,5.6,5.6,5.6,5.6,5.6,5.6,5.6,5.6,5.6,5.6,5.6,5.6,5.6,5.6,5.6,5.6,5.6,5.6,0.0,5.6,5.6,5.6
18.9,18.9,18.9,18.9,17.7,18.9,18.9,18.9,18.9,18.9,18.9,18.9,18.9,18.9,18.9,18.9,18.9,18.9,18.9,18.9,18.9,18.9,18.9,18.9,18.9,18.9,18.9,2.2,18.9,18.9,18.9
16.9,16.9,16.9,16.9,18.8,16.9,16.9,16.9,16.9,16.9,16.9,16.9,16.9,16.9,16.9,16.9,16.9,16.9,16.9,16.9,16.9,16.9,16.9,16.9,16.9,16.9,16.9,0.0,16.9,16.9,16.9
12.1,12.1,12.1,12.1,6.1,12.1,12.1,12.1,12.1,12.1,12.1,12.1,12.1,12.1,12.1,12.1,12.1,12.1,12.1,12.1,12.1,12.1,12.1,12.1,12.1,12.1,12.1,1.0,12.1,12.1,12.1
6.3,6.3,6.3,6.3,16.4,6.3,6.3,6.3,6.3,6.3,6.3,6.3,6.3,6.3,6.3,6.3,6.3,6.3,6.3,6.3,6.3,6.3,6.3,6.3,6.3,6.3,6.3,0.0,6.3,6.3,6.3
0.0,0.0,0.0,0.0,0.0,0.0,0.0,0.0,0.0,0.0,0.0,0.0,0.0,0.0,0.0,0.0,0.0,0.0,0.0,0.0,0.0,0.0,0.0,0.0,0.0,0.0,0.0,0.0,0.0,0.0,0.0
